id,nobelwinners,category,year,sex
1,Wilhelm Rontgen,physics,1901,M
2,Jacobus Henricus van 't Hoff,chemistry,1901,M
3,Emil Adolf von Behring,physiology or medicine,1901,M
4,Sully Prudhomme,literature,1901,M
5,Henry Dunant,peace,1901,M
6,Frederic Passy,peace,1901,M
7,Hendrik Lorentz,physics,1902,M
8,Pieter Zeeman,physics,1902,M
9,Hermann Emil Fischer,chemistry,1902,M
10,Ronald Ross,physiology or medicine,1902,M
11,Theodor Mommsen,literature,1902,M
12,Elie Ducommun,peace,1902,M
13,Charles Albert Gobat,peace,1902,M
14,Henri Becquerel,physics,1903,M
15,Pierre Curie,physics,1903,M
16,Marie Curie,physics,1903,F
17,Svante Arrhenius,chemistry,1903,M
18,Niels Ryberg Finsen,physiology or medicine,1903,M
19,Bjornstjerne Bjornson,literature,1903,M
20,Randal Cremer,peace,1903,M
21,Lord Rayleigh,physics,1904,M
22,William Ramsay,chemistry,1904,M
23,Ivan Pavlov,physiology or medicine,1904,M
24,Frédéric Mistral,literature,1904,M
25,José Echegaray,literature,1904,M
26,Institut de Droit International,peace,1904,M
27,Philipp Lenard,physics,1905,M
28,Adolf von Baeyer,chemistry,1905,M
29,Robert Koch,physiology or medicine,1905,M
30,Henryk Sienkiewicz,literature,1905,M
31,Bertha von Suttner,peace,1905,F
32,J. J. Thomson,physics,1906,M
33,Henri Moissan,chemistry,1906,M
34,Camillo Golgi,physiology or medicine,1906,M
35,Santiago Ramón y Cajal,physiology or medicine,1906,M
36,Giosuè Carducci,literature,1906,M
37,Theodore Roosevelt,peace,1906,M
38,Albert Abraham Michelson,physics,1907,M
39,Eduard Buchner,chemistry,1907,M
40,Charles Louis Alphonse Laveran,physiology or medicine,1907,M
41,Rudyard Kipling,literature,1907,M
42,Ernesto Teodoro Moneta,peace,1907,M
43,Louis Renault,peace,1907,M
44,Gabriel Lippmann,physics,1908,M
45,Ernest Rutherford,chemistry,1908,M
46,Élie Metchnikoff,physiology or medicine,1908,M
47,Paul Ehrlich,physiology or medicine,1908,M
48,Rudolf Christoph Eucken,literature,1908,M
49,Klas Pontus Arnoldson,peace,1908,M
50,Fredrik Bajer,peace,1908,M
51,Karl Ferdinand Braun,physics,1909,M
52,Guglielmo Marconi,physics,1909,M
53,Wilhelm Ostwald,chemistry,1909,M
54,Emil Theodor Kocher,physiology or medicine,1909,M
55,Selma Lagerlöf,literature,1909,F
56,Auguste Marie François Beernaert,peace,1909,M
57,Paul-Henri-Benjamin d'Estournelles de Constant,peace,1909,M
58,Johannes Diderik van der Waals,physics,1910,M
59,Otto Wallach,chemistry,1910,M
60,Albrecht Kossel,physiology or medicine,1910,M
61,Paul Heyse,literature,1910,M
62,International Peace Bureau,peace,1910,M
63,Wilhelm Wien,physics,1911,M
64,Marie Skłodowska-Curie,chemistry,1911,F
65,Allvar Gullstrand,physiology or medicine,1911,M
66,Maurice Maeterlinck,literature,1911,M
67,Tobias Asser,peace,1911,M
68,Alfred Hermann Fried,peace,1911,M
69,Gustaf Dalén,physics,1912,M
70,Victor Grignard,chemistry,1912,M
71,Paul Sabatier,chemistry,1912,M
72,Alexis Carrel,physiology or medicine,1912,M
73,Gerhart Hauptmann,literature,1912,M
74,Elihu Root,peace,1912,M
75,Heike Kamerlingh Onnes,physics,1913,M
76,Alfred Werner,chemistry,1913,M
77,Charles Richet,physiology or medicine,1913,M
78,Rabindranath Tagore,literature,1913,M
79,Henri La Fontaine,peace,1913,M
80,Max von Laue,physics,1914,M
81,Theodore William Richards,chemistry,1914,M
82,Robert Bárány,physiology or medicine,1914,M
83,William Henry Bragg,physics,1915,M
84,William Lawrence Bragg,physics,1915,M
85,Richard Willstätter,chemistry,1915,M
86,Romain Rolland,literature,1915,M
87,Verner von Heidenstam,literature,1916,M
88,Charles Glover Barkla,physics,1917,M
89,Karl Adolph Gjellerup,literature,1917,M
90,Henrik Pontoppidan,literature,1917,M
91,International Committee of the Red Cross,peace,1917,M
92,Max Planck,physics,1918,M
93,Fritz Haber,chemistry,1918,M
94,Johannes Stark,physics,1919,M
95,Jules Bordet,physiology or medicine,1919,M
96,Carl Spitteler,literature,1919,M
97,Woodrow Wilson,peace,1919,M
98,Charles Édouard Guillaume,physics,1920,M
99,Walther Nernst,chemistry,1920,M
100,August Krogh,physiology or medicine,1920,M
101,Knut Hamsun,literature,1920,M
102,Léon Bourgeois,peace,1920,M
103,Albert Einstein,physics,1921,M
104,Frederick Soddy,chemistry,1921,M
105,Anatole France,literature,1921,M
106,Hjalmar Branting,peace,1921,M
107,Christian Lous Lange,peace,1921,M
108,Niels Bohr,physics,1922,M
109,Francis William Aston,chemistry,1922,M
110,Archibald Hill,physiology or medicine,1922,M
111,Otto Fritz Meyerhof,physiology or medicine,1922,M
112,Jacinto Benavente,literature,1922,M
113,Fridtjof Nansen,peace,1922,M
114,Robert Andrews Millikan,physics,1923,M
115,Fritz Pregl,chemistry,1923,M
116,Frederick Banting,physiology or medicine,1923,M
117,John James Rickard Macleod,physiology or medicine,1923,M
118,W. B. Yeats,literature,1923,M
119,Manne Siegbahn,physics,1924,M
120,Willem Einthoven,physiology or medicine,1924,M
121,Władysław Reymont,literature,1924,M
122,James Franck,physics,1925,M
123,Gustav Ludwig Hertz,physics,1925,M
124,Richard Adolf Zsigmondy,chemistry,1925,M
125,George Bernard Shaw,literature,1925,M
126,Austen Chamberlain,peace,1925,M
127,Charles G. Dawes,peace,1925,M
128,Jean Baptiste Perrin,physics,1926,M
129,Theodor Svedberg,chemistry,1926,M
130,Johannes Fibiger,physiology or medicine,1926,M
131,Grazia Deledda,literature,1926,F
132,Aristide Briand,peace,1926,M
133,Gustav Stresemann,peace,1926,M
134,Arthur Compton,physics,1927,M
135,Charles Thomson Rees Wilson,physics,1927,M
136,Heinrich Otto Wieland,chemistry,1927,M
137,Julius Wagner-Jauregg,physiology or medicine,1927,M
138,Henri Bergson,literature,1927,M
139,Ferdinand Buisson,peace,1927,M
140,Ludwig Quidde,peace,1927,M
141,Owen Willans Richardson,physics,1928,M
142,Adolf Otto Reinhold Windaus,chemistry,1928,M
143,Charles Nicolle,physiology or medicine,1928,M
144,Sigrid Undset,literature,1928,F
145,Louis de Broglie,physics,1929,M
146,Arthur Harden,chemistry,1929,M
147,Hans von Euler-Chelpin,chemistry,1929,M
148,Christiaan Eijkman,physiology or medicine,1929,M
149,Frederick Gowland Hopkins,physiology or medicine,1929,M
150,Thomas Mann,literature,1929,M
151,Frank B. Kellogg,peace,1929,M
152,C. V. Raman,physics,1930,M
153,Hans Fischer,chemistry,1930,M
154,Karl Landsteiner,physiology or medicine,1930,M
155,Sinclair Lewis,literature,1930,M
156,Nathan Söderblom,peace,1930,M
157,Carl Bosch,chemistry,1931,M
158,Friedrich Bergius,chemistry,1931,M
159,Otto Heinrich Warburg,physiology or medicine,1931,M
160,Erik Axel Karlfeldt,literature,1931,M
161,Jane Addams,peace,1931,F
162,Nicholas Murray Butler,peace,1931,M
163,Werner Heisenberg,physics,1932,M
164,Irving Langmuir,chemistry,1932,M
165,Charles Scott Sherrington,physiology or medicine,1932,M
166,Edgar Adrian,physiology or medicine,1932,M
167,John Galsworthy,literature,1932,M
168,Erwin Schrödinger,physics,1933,M
169,Paul Dirac,physics,1933,M
170,Thomas Hunt Morgan,physiology or medicine,1933,M
171,Ivan Bunin,literature,1933,M
172,Norman Angell,peace,1933,M
173,Harold Urey,chemistry,1934,M
174,George Whipple,physiology or medicine,1934,M
175,George Minot,physiology or medicine,1934,M
176,William P. Murphy,physiology or medicine,1934,M
177,Luigi Pirandello,literature,1934,M
178,Arthur Henderson,peace,1934,M
179,James Chadwick,physics,1935,M
180,Frédéric Joliot-Curie,chemistry,1935,M
181,Irène Joliot-Curie,chemistry,1935,F
182,Hans Spemann,physiology or medicine,1935,M
183,Carl von Ossietzky,peace,1935,M
184,Victor Francis Hess,physics,1936,M
185,Carl David Anderson,physics,1936,M
186,Peter Debye,chemistry,1936,M
187,Henry Hallett Dale,physiology or medicine,1936,M
188,Otto Loewi,physiology or medicine,1936,M
189,Eugene O'Neill,literature,1936,M
190,Carlos Saavedra Lamas,peace,1936,M
191,Clinton Davisson,physics,1937,M
192,George Paget Thomson,physics,1937,M
193,Norman Haworth,chemistry,1937,M
194,Paul Karrer,chemistry,1937,M
195,Albert Szent-Györgyi,physiology or medicine,1937,M
196,Roger Martin du Gard,literature,1937,M
197,The Viscount Cecil of Chelwood,peace,1937,M
198,Enrico Fermi,physics,1938,M
199,Richard Kuhn,chemistry,1938,M
200,Corneille Heymans,physiology or medicine,1938,M
201,Pearl S. Buck,literature,1938,F
202,Nansen International Office For Refugees,peace,1938,M
203,Ernest Lawrence,physics,1939,M
204,Adolf Butenandt,chemistry,1939,M
205,Leopold Ružička,chemistry,1939,M
206,Gerhard Domagk,physiology or medicine,1939,M
207,Frans Eemil Sillanpää,literature,1939,M
208,Otto Stern,peace,1943,M
209,George de Hevesy,physics,1943,M
210,Henrik Dam,physiology or medicine,1943,M
211,Edward Adelbert Doisy,physiology or medicine,1943,M
212,Isidor Isaac Rabi,physics,1944,M
213,Otto Hahn,chemistry,1944,M
214,Joseph Erlanger,physiology or medicine,1944,M
215,Herbert Spencer Gasser,physiology or medicine,1944,M
216,Johannes Vilhelm Jensen,literature,1944,M
217,International Committee of the Red Cross,peace,1944,M
218,Wolfgang Pauli,physics,1945,M
219,Artturi Ilmari Virtanen,chemistry,1945,M
220,Alexander Fleming,physiology or medicine,1945,M
221,Ernst Boris Chain,physiology or medicine,1945,M
222,Howard Florey,physiology or medicine,1945,M
223,Gabriela Mistral,literature,1945,F
224,Cordell Hull,peace,1945,M
225,Percy Williams Bridgman,physics,1946,M
226,James B. Sumner,chemistry,1946,M
227,John Howard Northrop,chemistry,1946,M
228,Wendell Meredith Stanley,chemistry,1946,M
229,Hermann Joseph Muller,physiology or medicine,1946,M
230,Hermann Hesse,literature,1946,M
231,Emily Greene Balch,peace,1946,F
232,John Mott,peace,1946,M
233,Edward Victor Appleton,physics,1947,M
234,Robert Robinson,chemistry,1947,M
235,Carl Ferdinand Cori,physiology or medicine,1947,M
236,Gerty Cori,physiology or medicine,1947,F
237,Bernardo Houssay,physiology or medicine,1947,M
238,André Gide,literature,1947,M
239,Friends Service Council,peace,1947,M
240,American Friends Service Committee,peace,1947,M
241,Patrick Blackett,physics,1948,M
242,Arne Tiselius,chemistry,1948,M
243,Paul Hermann Müller,physiology or medicine,1948,M
244,T. S. Eliot,literature,1948,M
245,Hideki Yukawa,physics,1949,M
246,William Giauque,chemistry,1949,M
247,Walter Rudolf Hess,physiology or medicine,1949,M
248,António Egas Moniz,physiology or medicine,1949,M
249,William Faulkner,literature,1949,M
250,John Boyd Orr,peace,1949,M
251,C. F. Powell,physics,1950,M
252,Otto Diels,chemistry,1950,M
253,Kurt Alder,chemistry,1950,M
254,Philip Showalter Hench,physiology or medicine,1950,M
255,Edward Calvin Kendall,physiology or medicine,1950,M
256,Tadeus Reichstein,physiology or medicine,1950,M
257,Bertrand Russell,literature,1950,M
258,Ralph Bunche,peace,1950,M
259,John Cockcroft,physics,1951,M
260,Ernest Walton,physics,1951,M
261,Edwin McMillan,chemistry,1951,M
262,Glenn T. Seaborg,chemistry,1951,M
263,Max Theiler,physiology or medicine,1951,M
264,Pär Lagerkvist,literature,1951,M
265,Léon Jouhaux,peace,1951,M
266,Felix Bloch,physics,1952,M
267,Edward Mills Purcell,physics,1952,M
268,Archer John Porter Martin,chemistry,1952,M
269,Richard Laurence Millington Synge,chemistry,1952,M
270,Selman Waksman,physiology or medicine,1952,M
271,François Mauriac,literature,1952,M
272,Albert Schweitzer,peace,1952,M
273,Frits Zernike,physics,1953,M
274,Hermann Staudinger,chemistry,1953,M
275,Hans Adolf Krebs,physiology or medicine,1953,M
276,Fritz Albert Lipmann,physiology or medicine,1953,M
277,Winston Churchill,literature,1953,M
278,George Marshall,peace,1953,M
279,Max Born,physics,1954,M
280,Walther Bothe,physics,1954,M
281,Linus Pauling,chemistry,1954,M
282,John Franklin Enders,physiology or medicine,1954,M
283,Frederick Chapman Robbins,physiology or medicine,1954,M
284,Thomas Huckle Weller,physiology or medicine,1954,M
285,Ernest Hemingway,literature,1954,M
286,United Nations High Commissioner for Refugees,peace,1954,M
287,Willis Lamb,physics,1955,M
288,Polykarp Kusch,physics,1955,M
289,Vincent du Vigneaud,chemistry,1955,M
290,Hugo Theorell,physiology or medicine,1955,M
291,Halldór Laxness,literature,1955,M
292,John Bardeen,physics,1956,M
293,Walter Houser Brattain,physics,1956,M
294,William Shockley,physics,1956,M
295,Cyril Norman Hinshelwood,chemistry,1956,M
296,Nikolay Semyonov,chemistry,1956,M
297,André Frédéric Cournand,physiology or medicine,1956,M
298,Werner Forssmann,physiology or medicine,1956,M
299,Dickinson W. Richards,physiology or medicine,1956,M
300,Juan Ramón Jiménez,literature,1956,M
301,Chen Ning Yang,physics,1957,M
302,Tsung-Dao Lee,physics,1957,M
303,Lord Todd,chemistry,1957,M
304,Daniel Bovet,physiology or medicine,1957,M
305,Albert Camus,literature,1957,M
306,Lester B. Pearson,peace,1957,M
307,Pavel Cherenkov,physics,1958,M
308,Ilya Frank,physics,1958,M
309,Igor Tamm,physics,1958,M
310,Frederick Sanger,chemistry,1958,M
311,George Wells Beadle,physiology or medicine,1958,M
312,Edward Lawrie Tatum,physiology or medicine,1958,M
313,Joshua Lederberg,physiology or medicine,1958,M
314,Boris Pasternak,literature,1958,M
315,Dominique Pire,peace,1958,M
316,Emilio G. Segrè,physics,1959,M
317,Owen Chamberlain,physics,1959,M
318,Jaroslav Heyrovský,chemistry,1959,M
319,Arthur Kornberg,physiology or medicine,1959,M
320,Severo Ochoa,physiology or medicine,1959,M
321,Salvatore Quasimodo,literature,1959,M
322,Philip Noel-Baker,peace,1959,M
323,Donald A. Glaser,physics,1960,M
324,Willard Libby,chemistry,1960,M
325,Frank Macfarlane Burnet,physiology or medicine,1960,M
326,Peter Medawar,physiology or medicine,1960,M
327,Saint-John Perse,literature,1960,M
328,Albert Lutuli,peace,1960,M
329,Robert Hofstadter,physics,1961,M
330,Rudolf Mössbauer,physics,1961,M
331,Melvin Calvin,chemistry,1961,M
332,Georg von Békésy,physiology or medicine,1961,M
333,Ivo Andrić,literature,1961,M
334,Dag Hammarskjöld,peace,1961,M
335,Lev Landau,physics,1962,M
336,Max Perutz,chemistry,1962,M
337,John Kendrew,chemistry,1962,M
338,Francis Crick,physiology or medicine,1962,M
339,James D. Watson,physiology or medicine,1962,M
340,Maurice Wilkins,physiology or medicine,1962,M
341,John Steinbeck,literature,1962,M
342,Linus Pauling,peace,1962,M
343,Eugene Wigner,physics,1963,M
344,Maria Goeppert-Mayer,physics,1963,F
345,J. Hans D. Jensen,physics,1963,M
346,Karl Ziegler,chemistry,1963,M
347,Giulio Natta,chemistry,1963,M
348,John Eccles,physiology or medicine,1963,M
349,Alan Lloyd Hodgkin,physiology or medicine,1963,M
350,Andrew Huxley,physiology or medicine,1963,M
351,Giorgos Seferis,literature,1963,M
352,International Committee of the Red Cross,peace,1963,M
353,League of Red Cross societies,peace,1963,M
354,Charles Hard Townes,physics,1964,M
355,Nikolay Basov,physics,1964,M
356,Alexander Prokhorov,physics,1964,M
357,Dorothy Hodgkin,chemistry,1964,F
358,Konrad Emil Bloch,physiology or medicine,1964,M
359,Feodor Felix Konrad Lynen,physiology or medicine,1964,M
360,Jean-Paul Sartre,literature,1964,M
361,"Martin Luther King, Jr.",peace,1964,M
362,Sin-Itiro Tomonaga,physics,1965,M
363,Julian Schwinger,physics,1965,M
364,Richard Feynman,physics,1965,M
365,Robert Burns Woodward,chemistry,1965,M
366,François Jacob,physiology or medicine,1965,M
367,André Michel Lwoff,physiology or medicine,1965,M
368,Jacques Monod,physiology or medicine,1965,M
369,Mikhail Sholokhov,literature,1965,M
370,United Nations International Children's Emergency Fund (UNICEF),peace,1965,M
371,Alfred Kastler,physics,1966,M
372,Robert S. Mulliken,chemistry,1966,M
373,Francis Peyton Rous,physiology or medicine,1966,M
374,Charles Brenton Huggins,physiology or medicine,1966,M
375,Shmuel Yosef Agnon,literature,1966,M
376,Nelly Sachs,literature,1966,F
377,Hans Bethe,physics,1967,M
378,Manfred Eigen,chemistry,1967,M
379,Ronald George Wreyford Norrish,chemistry,1967,M
380,George Porter,chemistry,1967,M
381,Ragnar Granit,physiology or medicine,1967,M
382,Haldan Keffer Hartline,physiology or medicine,1967,M
383,George Wald,physiology or medicine,1967,M
384,Miguel Ángel Asturias,literature,1967,M
385,Luis Walter Alvarez,physics,1968,M
386,Lars Onsager,chemistry,1968,M
387,Robert W. Holley,physiology or medicine,1968,M
388,Har Gobind Khorana,physiology or medicine,1968,M
389,Marshall Warren Nirenberg,physiology or medicine,1968,M
390,Yasunari Kawabata,literature,1968,M
391,René Cassin,peace,1968,M
392,Murray Gell-Mann,physics,1969,M
393,Derek Barton,chemistry,1969,M
394,Odd Hassel,chemistry,1969,M
395,Max Delbrück,physiology or medicine,1969,M
396,Alfred Hershey,physiology or medicine,1969,M
397,Salvador Luria,physiology or medicine,1969,M
398,Samuel Beckett,literature,1969,M
399,International Labour Organization,peace,1969,M
400,Ragnar Frisch,economics,1969,M
401,Jan Tinbergen,economics,1969,M
402,Hannes Alfvén,physics,1970,M
403,Louis Néel,physics,1970,M
404,Luis Federico Leloir,chemistry,1970,M
405,Julius Axelrod,physiology or medicine,1970,M
406,Ulf von Euler,physiology or medicine,1970,M
407,Bernard Katz,physiology or medicine,1970,M
408,Aleksandr Solzhenitsyn,literature,1970,M
409,Norman Borlaug,peace,1970,M
410,Paul Samuelson,economics,1970,M
411,Dennis Gabor,physics,1971,M
412,Gerhard Herzberg,chemistry,1971,M
413,"Earl Wilbur Sutherland, Jr.",physiology or medicine,1971,M
414,Pablo Neruda,literature,1971,M
415,Willy Brandt,peace,1971,M
416,Simon Kuznets,economics,1971,M
417,John Bardeen,physics,1972,M
418,Leon Cooper,physics,1972,M
419,John Robert Schrieffer,physics,1972,M
420,Christian B. Anfinsen,chemistry,1972,M
421,Stanford Moore,chemistry,1972,M
422,William Howard Stein,chemistry,1972,M
423,Gerald Edelman,physiology or medicine,1972,M
424,Rodney Robert Porter,physiology or medicine,1972,M
425,Heinrich Böll,literature,1972,M
426,John Hicks,economics,1972,M
427,Kenneth Arrow,economics,1972,M
428,Leo Esaki,physics,1973,M
429,Ivar Giaever,physics,1973,M
430,Brian David Josephson,physics,1973,M
431,Ernst Otto Fischer,chemistry,1973,M
432,Geoffrey Wilkinson,chemistry,1973,M
433,Karl von Frisch,physiology or medicine,1973,M
434,Konrad Lorenz,physiology or medicine,1973,M
435,Nikolaas Tinbergen,physiology or medicine,1973,M
436,Patrick White,literature,1973,M
437,Henry Kissinger,peace,1973,M
438,Le Duc Tho,peace,1973,M
439,Wassily Leontief,economics,1973,M
440,Martin Ryle,physics,1974,M
441,Antony Hewish,physics,1974,M
442,Paul Flory,chemistry,1974,M
443,Albert Claude,physiology or medicine,1974,M
444,Christian de Duve,physiology or medicine,1974,M
445,George Emil Palade,physiology or medicine,1974,M
446,Eyvind Johnson,literature,1974,M
447,Harry Martinson,literature,1974,M
448,Seán MacBride,peace,1974,M
449,Eisaku Satō,peace,1974,M
450,Gunnar Myrdal,economics,1974,M
451,Friedrich Hayek,economics,1974,M
452,Aage Bohr,physics,1975,M
453,Ben Roy Mottelson,physics,1975,M
454,James Rainwater,physics,1975,M
455,John Cornforth,chemistry,1975,M
456,Vladimir Prelog,chemistry,1975,M
457,David Baltimore,physiology or medicine,1975,M
458,Renato Dulbecco,physiology or medicine,1975,M
459,Howard Martin Temin,physiology or medicine,1975,M
460,Eugenio Montale,literature,1975,M
461,Andrei Sakharov,peace,1975,M
462,Leonid Kantorovich,economics,1975,M
463,Tjalling Koopmans,economics,1975,M
464,Burton Richter,physics,1976,M
465,Samuel C. C. Ting,physics,1976,M
466,William Lipscomb,chemistry,1976,M
467,Baruch Samuel Blumberg,physiology or medicine,1976,M
468,Daniel Carleton Gajdusek,physiology or medicine,1976,M
469,Saul Bellow,literature,1976,M
470,Betty Williams,peace,1976,F
471,Mairead Maguire,peace,1976,F
472,Milton Friedman,economics,1976,M
473,Philip Warren Anderson,physics,1977,M
474,Nevill Francis Mott,physics,1977,M
475,John Hasbrouck Van Vleck,physics,1977,M
476,Ilya Prigogine,chemistry,1977,M
477,Roger Guillemin,physiology or medicine,1977,M
478,Andrew Schally,physiology or medicine,1977,M
479,Rosalyn Sussman Yalow,physiology or medicine,1977,F
480,Vicente Aleixandre,literature,1977,M
481,Amnesty International,peace,1977,M
482,Bertil Ohlin,economics,1977,M
483,James Meade,economics,1977,M
484,Pyotr Kapitsa,physics,1978,M
485,Arno Allan Penzias,physics,1978,M
486,Robert Woodrow Wilson,physics,1978,M
487,Peter D. Mitchell,chemistry,1978,M
488,Werner Arber,physiology or medicine,1978,M
489,Daniel Nathans,physiology or medicine,1978,M
490,Hamilton O. Smith,physiology or medicine,1978,M
491,Isaac Bashevis Singer,literature,1978,M
492,Anwar Sadat,peace,1978,M
493,Menachem Begin,peace,1978,M
494,Herbert A. Simon,economics,1978,M
495,Sheldon Lee Glashow,physics,1979,M
496,Abdus Salam,physics,1979,M
497,Steven Weinberg,physics,1979,M
498,Herbert C. Brown,chemistry,1979,M
499,Georg Wittig,chemistry,1979,M
500,Allan McLeod Cormack,physiology or medicine,1979,M
501,Godfrey Hounsfield,physiology or medicine,1979,M
502,Odysseas Elytis,literature,1979,M
503,Mother Teresa,peace,1979,F
504,Theodore Schultz,economics,1979,M
505,Arthur Lewis,economics,1979,M
506,James Cronin,physics,1980,M
507,Val Logsdon Fitch,physics,1980,M
508,Paul Berg,chemistry,1980,M
509,Walter Gilbert,chemistry,1980,M
510,Frederick Sanger,chemistry,1980,M
511,Baruj Benacerraf,physiology or medicine,1980,M
512,Jean Dausset,physiology or medicine,1980,M
513,George Davis Snell,physiology or medicine,1980,M
514,Czesław Miłosz,literature,1980,M
515,Adolfo Pérez Esquivel,peace,1980,M
516,Lawrence Klein,economics,1980,M
517,Nicolaas Bloembergen,physics,1981,M
518,Arthur Leonard Schawlow,physics,1981,M
519,Kai Siegbahn,physics,1981,M
520,Kenichi Fukui,chemistry,1981,M
521,Roald Hoffmann,chemistry,1981,M
522,Roger Wolcott Sperry,physiology or medicine,1981,M
523,David H. Hubel,physiology or medicine,1981,M
524,Torsten Wiesel,physiology or medicine,1981,M
525,Elias Canetti,literature,1981,M
526,United Nations High Commissioner for Refugees,peace,1981,M
527,James Tobin,economics,1981,M
528,Kenneth G. Wilson,physics,1982,M
529,Aaron Klug,chemistry,1982,M
530,Sune Bergström,physiology or medicine,1982,M
531,Bengt I. Samuelsson,physiology or medicine,1982,M
532,John Vane,physiology or medicine,1982,M
533,Gabriel García Márquez,literature,1982,M
534,Alva Myrdal,peace,1982,F
535,Alfonso García Robles,peace,1982,M
536,George Stigler,economics,1982,M
537,Subrahmanyan Chandrasekhar,physics,1983,M
538,William Alfred Fowler,physics,1983,M
539,Henry Taube,chemistry,1983,M
540,Barbara McClintock,physiology or medicine,1983,F
541,William Golding,literature,1983,M
542,Lech Wałęsa,peace,1983,M
543,Gérard Debreu,economics,1983,M
544,Carlo Rubbia,physics,1984,M
545,Simon van der Meer,physics,1984,M
546,Robert Bruce Merrifield,chemistry,1984,M
547,Niels Kaj Jerne,physiology or medicine,1984,M
548,Georges J. F. Köhler,physiology or medicine,1984,M
549,César Milstein,physiology or medicine,1984,M
550,Jaroslav Seifert,literature,1984,M
551,Desmond Tutu,peace,1984,M
552,Richard Stone,economics,1984,M
553,Klaus von Klitzing,physics,1985,M
554,Herbert A. Hauptman,chemistry,1985,M
555,Jerome Karle,chemistry,1985,M
556,Michael Stuart Brown,physiology or medicine,1985,M
557,Joseph L. Goldstein,physiology or medicine,1985,M
558,Claude Simon,literature,1985,M
559,International Physicians for the Prevention of Nuclear War,peace,1985,M
560,Franco Modigliani,economics,1985,M
561,Ernst Ruska,physics,1986,M
562,Gerd Binnig,physics,1986,M
563,Heinrich Rohrer,physics,1986,M
564,Dudley R. Herschbach,chemistry,1986,M
565,Yuan T. Lee,chemistry,1986,M
566,John Polanyi,chemistry,1986,M
567,Stanley Cohen,physiology or medicine,1986,M
568,Rita Levi-Montalcini,physiology or medicine,1986,F
569,Wole Soyinka,literature,1986,M
570,Elie Wiesel,peace,1986,M
571,James M. Buchanan,economics,1986,M
572,Johannes Georg Bednorz,physics,1987,M
573,Karl Alexander Müller,physics,1987,M
574,Donald J. Cram,chemistry,1987,M
575,Jean-Marie Lehn,chemistry,1987,M
576,Charles J. Pedersen,chemistry,1987,M
577,Susumu Tonegawa,physiology or medicine,1987,M
578,Joseph Brodsky,literature,1987,M
579,Óscar Arias,peace,1987,M
580,Robert Solow,economics,1987,M
581,Leon M. Lederman,physics,1988,M
582,Melvin Schwartz,physics,1988,M
583,Jack Steinberger,physics,1988,M
584,Johann Deisenhofer,chemistry,1988,M
585,Robert Huber,chemistry,1988,M
586,Hartmut Michel,chemistry,1988,M
587,James W. Black,physiology or medicine,1988,M
588,Gertrude B. Elion,physiology or medicine,1988,F
589,George H. Hitchings,physiology or medicine,1988,M
590,Naguib Mahfouz,literature,1988,M
591,United Nations Peace-Keeping Forces,peace,1988,M
592,Maurice Allais,economics,1988,M
593,"Norman Foster Ramsey, Jr.",physics,1989,M
594,Hans Georg Dehmelt,physics,1989,M
595,Wolfgang Paul,physics,1989,M
596,Sidney Altman,chemistry,1989,M
597,Thomas Cech,chemistry,1989,M
598,J. Michael Bishop,physiology or medicine,1989,M
599,Harold E. Varmus,physiology or medicine,1989,M
600,Camilo José Cela,literature,1989,M
601,Tenzin Gyatso (The 14th Dalai Lama),peace,1989,M
602,Trygve Haavelmo,economics,1989,M
603,Jerome Isaac Friedman,physics,1990,M
604,Henry Way Kendall,physics,1990,M
605,Richard E. Taylor,physics,1990,M
606,Elias James Corey,chemistry,1990,M
607,Joseph Murray,physiology or medicine,1990,M
608,E. Donnall Thomas,physiology or medicine,1990,M
609,Octavio Paz,literature,1990,M
610,Mikhail Gorbachev,peace,1990,M
611,Harry Markowitz,economics,1990,M
612,Merton Miller,economics,1990,M
613,William F. Sharpe,economics,1990,M
614,Pierre-Gilles de Gennes,physics,1991,M
615,Richard R. Ernst,chemistry,1991,M
616,Erwin Neher,physiology or medicine,1991,M
617,Bert Sakmann,physiology or medicine,1991,M
618,Nadine Gordimer,literature,1991,F
619,Aung San Suu Kyi,peace,1991,F
620,Ronald Coase,economics,1991,M
621,Georges Charpak,physics,1992,M
622,Rudolph A. Marcus,chemistry,1992,M
623,Edmond H. Fischer,physiology or medicine,1992,M
624,Edwin G. Krebs,physiology or medicine,1992,M
625,Derek Walcott,literature,1992,M
626,Rigoberta Menchú,peace,1992,F
627,Gary Becker,economics,1992,M
628,Russell Alan Hulse,physics,1993,M
629,"Joseph Hooton Taylor, Jr.",physics,1993,M
630,Kary Mullis,chemistry,1993,M
631,Michael Smith,chemistry,1993,M
632,Richard J. Roberts,physiology or medicine,1993,M
633,Phillip Allen Sharp,physiology or medicine,1993,M
634,Toni Morrison,literature,1993,F
635,Nelson Mandela,peace,1993,M
636,F. W. de Klerk,peace,1993,M
637,Robert Fogel,economics,1993,M
638,Douglass North,economics,1993,M
639,Bertram Brockhouse,physics,1994,M
640,Clifford Shull,physics,1994,M
641,George Andrew Olah,chemistry,1994,M
642,Alfred G. Gilman,physiology or medicine,1994,M
643,Martin Rodbell,physiology or medicine,1994,M
644,Kenzaburō Ōe,literature,1994,M
645,Yasser Arafat,peace,1994,M
646,Shimon Peres,peace,1994,M
647,Yitzhak Rabin,peace,1994,M
648,John Harsanyi,economics,1994,M
649,"John Forbes Nash, Jr.",economics,1994,M
650,Reinhard Selten,economics,1994,M
651,Martin Lewis Perl,physics,1995,M
652,Frederick Reines,physics,1995,M
653,Paul J. Crutzen,chemistry,1995,M
654,Mario J. Molina,chemistry,1995,M
655,Frank Sherwood Rowland,chemistry,1995,M
656,Edward B. Lewis,physiology or medicine,1995,M
657,Christiane Nüsslein-Volhard,physiology or medicine,1995,F
658,Eric F. Wieschaus,physiology or medicine,1995,M
659,Seamus Heaney,literature,1995,M
660,Joseph Rotblat,peace,1995,M
661,Pugwash Conferences on Science and World Affairs,peace,1995,M
662,"Robert Lucas, Jr.",economics,1995,M
663,David Lee,physics,1996,M
664,Douglas Osheroff,physics,1996,M
665,Robert Coleman Richardson,physics,1996,M
666,Robert F. Curl Jr.,chemistry,1996,M
667,Harry Kroto,chemistry,1996,M
668,Richard Smalley,chemistry,1996,M
669,Peter C. Doherty,physiology or medicine,1996,M
670,Rolf M. Zinkernagel,physiology or medicine,1996,M
671,Wisława Szymborska,literature,1996,F
672,Carlos Filipe Ximenes Belo,peace,1996,M
673,José Ramos-Horta,peace,1996,M
674,James Mirrlees,economics,1996,M
675,William Vickrey,economics,1996,M
676,Steven Chu,physics,1997,M
677,Claude Cohen-Tannoudji,physics,1997,M
678,William Daniel Phillips,physics,1997,M
679,Paul D. Boyer,chemistry,1997,M
680,John E. Walker,chemistry,1997,M
681,Jens Christian Skou,chemistry,1997,M
682,Stanley B. Prusiner,physiology or medicine,1997,M
683,Dario Fo,literature,1997,M
684,International Campaign to Ban Landmines,peace,1997,M
685,Jody Williams,peace,1997,F
686,Robert C. Merton,economics,1997,M
687,Myron Scholes,economics,1997,M
688,Robert B. Laughlin,physics,1998,M
689,Horst Ludwig Störmer,physics,1998,M
690,Daniel C. Tsui,physics,1998,M
691,Walter Kohn,chemistry,1998,M
692,John Pople,chemistry,1998,M
693,Robert F. Furchgott,physiology or medicine,1998,M
694,Louis Ignarro,physiology or medicine,1998,M
695,Ferid Murad,physiology or medicine,1998,M
696,José Saramago,literature,1998,M
697,John Hume,peace,1998,M
698,David Trimble,peace,1998,M
699,Amartya Sen,economics,1998,M
700,Gerard 't Hooft,physics,1999,M
701,Martinus J. G. Veltman,physics,1999,M
702,Ahmed Zewail,chemistry,1999,M
703,Günter Blobel,physiology or medicine,1999,M
704,Günter Grass,literature,1999,M
705,Médecins Sans Frontières,peace,1999,M
706,Robert Mundell,economics,1999,M
707,Zhores Alferov,physics,2000,M
708,Herbert Kroemer,physics,2000,M
709,Jack Kilby,physics,2000,M
710,Alan J. Heeger,chemistry,2000,M
711,Alan MacDiarmid,chemistry,2000,M
712,Hideki Shirakawa,chemistry,2000,M
713,Arvid Carlsson,physiology or medicine,2000,M
714,Paul Greengard,physiology or medicine,2000,M
715,Eric Kandel,physiology or medicine,2000,M
716,Gao Xingjian,literature,2000,M
717,Kim Dae-jung,peace,2000,M
718,James Heckman,economics,2000,M
719,Daniel McFadden,economics,2000,M
720,Eric Allin Cornell,physics,2001,M
721,Wolfgang Ketterle,physics,2001,M
722,Carl Wieman,physics,2001,M
723,William Standish Knowles,chemistry,2001,M
724,Ryōji Noyori,chemistry,2001,M
725,Karl Barry Sharpless,chemistry,2001,M
726,Leland H. Hartwell,physiology or medicine,2001,M
727,Tim Hunt,physiology or medicine,2001,M
728,Paul Nurse,physiology or medicine,2001,M
729,V. S. Naipaul,literature,2001,M
730,United Nations,peace,2001,M
731,Kofi Annan,peace,2001,M
732,George Akerlof,economics,2001,M
733,Michael Spence,economics,2001,M
734,Joseph Stiglitz,economics,2001,M
735,"Raymond Davis, Jr.",physics,2002,M
736,Masatoshi Koshiba,physics,2002,M
737,Riccardo Giacconi,physics,2002,M
738,John Fenn,chemistry,2002,M
739,Koichi Tanaka,chemistry,2002,M
740,Kurt Wüthrich,chemistry,2002,M
741,Sydney Brenner,physiology or medicine,2002,M
742,H. Robert Horvitz,physiology or medicine,2002,M
743,John Sulston,physiology or medicine,2002,M
744,Imre Kertész,literature,2002,M
745,Jimmy Carter,peace,2002,M
746,Daniel Kahneman,economics,2002,M
747,Vernon L. Smith,economics,2002,M
748,Alexei Alexeyevich Abrikosov,physics,2003,M
749,Vitaly Ginzburg,physics,2003,M
750,Anthony James Leggett,physics,2003,M
751,Peter Agre,chemistry,2003,M
752,Roderick MacKinnon,chemistry,2003,M
753,Paul Lauterbur,physiology or medicine,2003,M
754,Peter Mansfield,physiology or medicine,2003,M
755,J. M. Coetzee,literature,2003,M
756,Shirin Ebadi,peace,2003,F
757,Robert F. Engle,economics,2003,M
758,Clive Granger,economics,2003,M
759,David Gross,physics,2004,M
760,Hugh David Politzer,physics,2004,M
761,Frank Wilczek,physics,2004,M
762,Aaron Ciechanover,chemistry,2004,M
763,Avram Hershko,chemistry,2004,M
764,Irwin Rose,chemistry,2004,M
765,Richard Axel,physiology or medicine,2004,M
766,Linda B. Buck,physiology or medicine,2004,F
767,Elfriede Jelinek,literature,2004,F
768,Wangari Maathai,peace,2004,F
769,Finn E. Kydland,economics,2004,M
770,Edward C. Prescott,economics,2004,M
771,Roy J. Glauber,physics,2005,M
772,John L. Hall,physics,2005,M
773,Theodor W. Hänsch,physics,2005,M
774,Yves Chauvin,chemistry,2005,M
775,Robert H. Grubbs,chemistry,2005,M
776,Richard R. Schrock,chemistry,2005,M
777,Barry Marshall,physiology or medicine,2005,M
778,Robin Warren,physiology or medicine,2005,M
779,Harold Pinter,literature,2005,M
780,International Atomic Energy Agency,peace,2005,M
781,Mohamed ElBaradei,peace,2005,M
782,Robert Aumann,economics,2005,M
783,Thomas Schelling,economics,2005,M
784,John C. Mather,physics,2006,M
785,George Smoot,physics,2006,M
786,Roger D. Kornberg,chemistry,2006,M
787,Andrew Fire,physiology or medicine,2006,M
788,Craig Mello,physiology or medicine,2006,M
789,Orhan Pamuk,literature,2006,M
790,Muhammad Yunus,peace,2006,M
791,Grameen Bank,peace,2006,M
792,Edmund Phelps,economics,2006,M
793,Albert Fert,physics,2007,M
794,Peter Grünberg,physics,2007,M
795,Gerhard Ertl,chemistry,2007,M
796,Mario Capecchi,physiology or medicine,2007,M
797,Martin Evans,physiology or medicine,2007,M
798,Oliver Smithies,physiology or medicine,2007,M
799,Doris Lessing,literature,2007,F
800,Intergovernmental Panel on Climate Change,peace,2007,M
801,Al Gore,peace,2007,M
802,Leonid Hurwicz,economics,2007,M
803,Eric Maskin,economics,2007,M
804,Roger Myerson,economics,2007,M
805,Yoichiro Nambu,physics,2008,M
806,Makoto Kobayashi,physics,2008,M
807,Toshihide Maskawa,physics,2008,M
808,Osamu Shimomura,chemistry,2008,M
809,Martin Chalfie,chemistry,2008,M
810,Roger Y. Tsien,chemistry,2008,M
811,Harald zur Hausen,physiology or medicine,2008,M
812,Françoise Barré-Sinoussi,physiology or medicine,2008,F
813,Luc Montagnier,physiology or medicine,2008,M
814,J. M. G. Le Clézio,literature,2008,M
815,Martti Ahtisaari,peace,2008,M
816,Paul Krugman,economics,2008,M
817,Charles K. Kao,physics,2009,M
818,Willard S. Boyle,physics,2009,M
819,George E. Smith,physics,2009,M
820,Venkatraman Ramakrishnan,chemistry,2009,M
821,Thomas A. Steitz,chemistry,2009,M
822,Ada Yonath,chemistry,2009,F
823,Elizabeth Blackburn,physiology or medicine,2009,F
824,Carol W. Greider,physiology or medicine,2009,F
825,Jack W. Szostak,physiology or medicine,2009,M
826,Herta Müller,literature,2009,F
827,Barack Obama,peace,2009,M
828,Elinor Ostrom,economics,2009,F
829,Oliver E. Williamson,economics,2009,M
830,Andre Geim,physics,2010,M
831,Konstantin Novoselov,physics,2010,M
832,Richard F. Heck,chemistry,2010,M
833,Ei-ichi Negishi,chemistry,2010,M
834,Akira Suzuki,chemistry,2010,M
835,Robert G. Edwards,physiology or medicine,2010,M
836,Mario Vargas Llosa,literature,2010,M
837,Liu Xiaobo,peace,2010,M
838,Peter A. Diamond,economics,2010,M
839,Dale T. Mortensen,economics,2010,M
840,Christopher A. Pissarides,economics,2010,M
841,Saul Perlmutter,physics,2011,M
842,Adam G. Riess,physics,2011,M
843,Brian Schmidt,physics,2011,M
844,Dan Shechtman,chemistry,2011,M
845,Bruce Beutler,physiology or medicine,2011,M
846,Jules A. Hoffmann,physiology or medicine,2011,M
847,Ralph M. Steinman,physiology or medicine,2011,M
848,Tomas Tranströmer,literature,2011,M
849,Ellen Johnson Sirleaf,peace,2011,F
850,Leymah Gbowee,peace,2011,F
851,Tawakkoll Karman,peace,2011,F
852,Thomas J. Sargent,economics,2011,M
853,Christopher A. Sims,economics,2011,M
854,Serge Haroche,physics,2012,M
855,David J. Wineland,physics,2012,M
856,Brian K. Kobilka,chemistry,2012,M
857,Robert J. Lefkowitz,chemistry,2012,M
858,John B. Gurdon,physiology or medicine,2012,M
859,Shinya Yamanaka,physiology or medicine,2012,M
860,Mo Yan,literature,2012,M
861,European Union,peace,2012,M
862,Alvin E. Roth,economics,2012,M
863,Lloyd S. Shapley,economics,2012,M
864,François Englert,physics,2013,M
865,Peter W. Higgs,physics,2013,M
866,Martin Karplus,chemistry,2013,M
867,Michael Levitt,chemistry,2013,M
868,Arieh Warshel,chemistry,2013,M
869,James E. Rothman,physiology or medicine,2013,M
870,Randy W. Schekman,physiology or medicine,2013,M
871,Thomas C. Südhof,physiology or medicine,2013,M
872,Alice Munro,literature,2013,F
873,Organisation for the Prohibition of Chemical Weapons,peace,2013,M
874,Eugene F. Fama,economics,2013,M
875,Lars Peter Hansen,economics,2013,M
876,Robert J. Shiller,economics,2013,M
877,Isamu Akasaki,physics,2014,M
878,Hiroshi Amano,physics,2014,M
879,Shuji Nakamura,physics,2014,M
880,Eric Betzig,chemistry,2014,M
881,Stefan Hell,chemistry,2014,M
882,William Moerner,chemistry,2014,M
883,John O'Keefe,physiology or medicine,2014,M
884,May-Britt Moser,physiology or medicine,2014,F
885,Edvard Moser,physiology or medicine,2014,M
886,Patrick Modiano,literature,2014,M
887,Kailash Satyarthi,peace,2014,M
888,Malala Yousafzai,peace,2014,F
889,Jean Tirole,economics,2014,M
890,Takaaki Kajita,physics,2015,M
891,Arthur B. McDonald,physics,2015,M
892,Tomas Lindahl,chemistry,2015,M
893,Paul L. Modrich,chemistry,2015,M
894,Aziz Sancar,chemistry,2015,M
895,William C. Campbell,physiology or medicine,2015,M
896,Satoshi Ōmura,physiology or medicine,2015,M
897,Tu Youyou,physiology or medicine,2015,F
898,Svetlana Alexievich,literature,2015,F
899,Tunisian National Dialogue Quartet,peace,2015,M
900,Angus Deaton,economics,2015,M
901,David J. Thouless,physics,2016,M
902,Duncan Haldane,physics,2016,M
903,John M. Kosterlitz,physics,2016,M
904,Jean-Pierre Sauvage,chemistry,2016,M
905,Fraser Stoddart,chemistry,2016,M
906,Ben Feringa,chemistry,2016,M
907,Yoshinori Ohsumi,physiology or medicine,2016,M
908,Bob Dylan,literature,2016,M
909,Juan Manuel Santos,peace,2016,M
910,Oliver Hart,economics,2016,M
911,Bengt R. Holmström,economics,2016,M
912,Rainer Weiss,physics,2017,M
913,Barry Barish,physics,2017,M
914,Kip Thorne,physics,2017,M
915,Jacques Dubochet,chemistry,2017,M
916,Joachim Frank,chemistry,2017,M
917,Richard Henderson,chemistry,2017,M
918,Jeffrey C. Hall,physiology or medicine,2017,M
919,Michael Rosbash,physiology or medicine,2017,M
920,Michael W. Young,physiology or medicine,2017,M
921,Kazuo Ishiguro,literature,2017,M
922,International Campaign to Abolish Nuclear Weapons,peace,2017,M
923,Richard Thaler,economics,2017,M
924,Arthur Ashkin,physics,2018,M
925,Gérard Mourou,physics,2018,M
926,Donna Strickland,physics,2018,F
927,Frances H. Arnold,chemistry,2018,F
928,George P. Smith,chemistry,2018,M
929,Greg Winter,chemistry,2018,M
930,James P. Allison,physiology or medicine,2018,M
931,Tasuku Honjo,physiology or medicine,2018,M
932,Olga Tokarczuk,literature,2018,F
933,Denis Mukwege,peace,2018,M
934,Nadia Murad,peace,2018,F
935,William Nordhaus,economics,2018,M
936,Paul Romer,economics,2018,M
937,James Peebles,physics,2019,M
938,Michel Mayor,physics,2019,M
939,Didier Queloz,physics,2019,M
940,John B. Goodenough,chemistry,2019,M
941,M. Stanley Whittingham,chemistry,2019,M
942,Akira Yoshino,chemistry,2019,M
943,William Kaelin Jr.,physiology or medicine,2019,M
944,Peter J. Ratcliffe,physiology or medicine,2019,M
945,Gregg L. Semenza,physiology or medicine,2019,M
946,Peter Handke,literature,2019,M
947,Abiy Ahmed,peace,2019,M
948,Abhijit Banerjee,economics,2019,M
949,Esther Duflo,economics,2019,F
950,Michael Kremer,economics,2019,M
951,Roger Penrose,physics,2020,M
952,Reinhard Genzel,physics,2020,M
953,Andrea M. Ghez,physics,2020,F
954,Emmanuelle Charpentier,chemistry,2020,F
955,Jennifer Doudna,chemistry,2020,F
956,Harvey J. Alter,physiology or medicine,2020,M
957,Michael Houghton,physiology or medicine,2020,M
958,Charles M. Rice,physiology or medicine,2020,M
959,Louise Glück,literature,2020,F
960,World Food Programme,peace,2020,M
961,Paul R. Milgrom,economics,2020,M
962,Robert B. Wilson,economics,2020,M